{"BATSE":{"E_GeV":[1.9394e-05,2.4285e-05,3.0032e-05,3.7742e-05,5.4686e-05,7.929e-05,0.00010109,0.00014049,0.00017923,0.000232,0.00033688,0.00046183,0.00074097,0.0011718,0.0018528,0.0031465,0.0060751,0.0094613],"Aeff_cm2":[139.45,501.5,987.53,1091.8,1513.0,1693.9,1803.6,1715.3,1513.0,1222.3,849.48,652.7,501.5,405.16,344.18,299.81,296.07,331.46]},"VERITAS":{"E_GeV":[62.715,82.135,100.72,124.39,162.75,202.35,249.76,303.79,369.54,418.06,515.92,797.29,1393.7,1974.3,2963.5,10000.0],"Aeff_cm2":[4364200.0,26805000.0,87910000.0,230430000.0,412640000.0,552190000.0,690900000.0,706560000.0,808240000.0,904070000.0,904070000.0,1081600000.0,1209800000.0,1383900000.0,1480200000.0,1480200000.0]},"LAT":{"E_GeV":[0.011258,0.019684,0.034416,0.058171,0.10344,0.19029,0.3327,0.57194,1.0344,1.8086,3.1623,5.7194,10.171,17.783,34.416,54.362,98.321,180.86,310.92,562.34,983.21,1661.8,3057.0],"Aeff_cm2":[37.58,334.25,1908.2,3875.1,5724.2,7121.5,7948.7,8677.6,9426.4,9487.2,9646.3,9412.6,9512.8,9416.4,9438.3,9597.1,9599.1,9620.9,9721.0,9762.3,9508.7,8724.5,7095.6]},"GBM":{"E_GeV":[7.7288e-06,8.6488e-06,1.0528e-05,1.3398e-05,1.8073e-05,2.7347e-05,3.9662e-05,6.2668e-05,8.8321e-05,0.00012994,0.00016815,0.00022367,0.00035841,0.0005997,0.00096141,0.0016796,0.0031968,0.0058284,0.010625,0.02203,0.04768,0.18817],"Aeff_cm2":[6.3652,11.92,37.814,73.533,103.19,123.0,126.13,134.3,139.45,141.21,126.13,160.09,183.78,190.83,190.83,181.49,181.49,186.1,200.66,210.98,224.65,236.21]},"HAWC":{"E_GeV":[39.648,44.237,81.23,171.96,294.34,580.71,1218.4,3958.1,14684.0,77776.0,100000.0],"Aeff_cm2":[11345.0,92411.0,697150.0,5550600.0,18383000.0,79455000.0,207470000.0,528900000.0,752500000.0,867600000.0,867600000.0]},"LHAASO":{"E_GeV":[20.424,42.808,75.561,133.32,265.11,483.67,837.84,1635.5,2831.8,5919.3,9565.0,19539.0,31403.0,45773.0,81113.0,145760.0,261930.0,457730.0,676550.0,1584900.0,2215400.0],"Aeff_cm2":[231110.0,1695900.0,9511900.0,40819000.0,134110000.0,324320000.0,599890000.0,786980000.0,1071900000.0,1254300000.0,1210400000.0,5610500000.0,7311100000.0,8045600000.0,8756100000.0,9328500000.0,9670800000.0,9921100000.0,9919200000.0,9937900000.0,9936300000.0]}}