{"tau_s":[0.001,0.00119,0.001416,0.001684,0.002004,0.002384,0.002837,0.003375,0.004016,0.004778,0.005685,0.006764,0.008047,0.009575,0.01139,0.01355,0.01613,0.01919,0.02283,0.02716,0.03232,0.03845,0.04575,0.05443,0.06476,0.07705,0.09168,0.1091,0.1298,0.1544,0.1837,0.2186,0.2601,0.3094,0.3682,0.438,0.5212,0.6201,0.7378,0.8778,1.044,1.243,1.478,1.759,2.093,2.49,2.963,3.525,4.194,4.99,5.937,7.064,8.405,10.0,11.9,14.16,16.84,20.04,23.84,28.37,33.75,40.16,47.78,56.85,67.64,80.47,95.75,113.9,135.5,161.3,191.9,228.3,271.6,323.2,384.5,457.5,544.3,647.6,770.5,916.8,1091.0,1298.0,1544.0,1837.0,2186.0,2601.0,3094.0,3682.0,4380.0,5212.0,6201.0,7378.0,8778.0,10440.0,12430.0,14780.0,17590.0,20930.0,24900.0,29630.0,35250.0,41940.0,49900.0,59370.0,70640.0,84050.0,100000.0,119000.0,141600.0,168400.0,200400.0,238400.0,283700.0,337500.0,401600.0,477800.0,568500.0,676400.0,804700.0,957500.0,1139000.0,1355000.0,1613000.0,1919000.0,2283000.0,2716000.0,3232000.0,3845000.0,4575000.0,5443000.0,6476000.0,7705000.0,9168000.0,10910000.0,12980000.0,15440000.0,18370000.0,21860000.0,26010000.0,30940000.0,36820000.0,43800000.0,52120000.0,62010000.0,73780000.0,87780000.0,104400000.0,124300000.0,147800000.0,175900000.0,209300000.0,249000000.0,296300000.0,352500000.0,419400000.0,499000000.0,593700000.0,706400000.0,840500000.0,1000000000.0],"mass_g":[134900000.0,143000000.0,151500000.0,160500000.0,170100000.0,180300000.0,191000000.0,202400000.0,214500000.0,227300000.0,240800000.0,255200000.0,270400000.0,286500000.0,303600000.0,321700000.0,340900000.0,361300000.0,382800000.0,405600000.0,429800000.0,455400000.0,482600000.0,511400000.0,541900000.0,574200000.0,608400000.0,644700000.0,683200000.0,723900000.0,767100000.0,812800000.0,861300000.0,912700000.0,967100000.0,1025000000.0,1086000000.0,1151000000.0,1219000000.0,1292000000.0,1369000000.0,1451000000.0,1537000000.0,1629000000.0,1726000000.0,1829000000.0,1938000000.0,2054000000.0,2176000000.0,2306000000.0,2443000000.0,2589000000.0,2744000000.0,2907000000.0,3081000000.0,3264000000.0,3459000000.0,3665000000.0,3884000000.0,4115000000.0,4361000000.0,4621000000.0,4896000000.0,5188000000.0,5498000000.0,5826000000.0,6173000000.0,6541000000.0,6931000000.0,7345000000.0,7783000000.0,8247000000.0,8739000000.0,9260000000.0,9812000000.0,10400000000.0,11020000000.0,11670000000.0,12370000000.0,13110000000.0,13890000000.0,14720000000.0,15600000000.0,16530000000.0,17510000000.0,18560000000.0,19660000000.0,20840000000.0,22080000000.0,23400000000.0,24790000000.0,26270000000.0,27840000000.0,29500000000.0,31250000000.0,33120000000.0,35090000000.0,37190000000.0,39400000000.0,41750000000.0,44240000000.0,46880000000.0,49680000000.0,52640000000.0,55780000000.0,59110000000.0,62630000000.0,66370000000.0,70330000000.0,74520000000.0,78960000000.0,83670000000.0,88660000000.0,93950000000.0,99550000000.0,105500000000.0,111800000000.0,118400000000.0,125500000000.0,133000000000.0,140900000000.0,149300000000.0,158200000000.0,167700000000.0,177700000000.0,188300000000.0,199500000000.0,211400000000.0,224000000000.0,237400000000.0,251500000000.0,266500000000.0,282400000000.0,299300000000.0,317100000000.0,336000000000.0,356100000000.0,377300000000.0,399800000000.0,423600000000.0,448900000000.0,475700000000.0,504000000000.0,534100000000.0,565900000000.0,599700000000.0,635500000000.0,673400000000.0,713500000000.0,756100000000.0,801200000000.0,848900000000.0,899600000000.0,953200000000.0,1010000000000.0,1070000000000.0,1134000000000.0,1202000000000.0,1273000000000.0,1349000000000.0],"total_ph_per_s":[2.776e+34,2.545e+34,2.333e+34,2.139e+34,1.961e+34,1.798e+34,1.648e+34,1.511e+34,1.385e+34,1.27e+34,1.164e+34,1.067e+34,9.786e+33,8.972e+33,8.225e+33,7.54e+33,6.913e+33,6.338e+33,5.81e+33,5.327e+33,4.883e+33,4.477e+33,4.104e+33,3.763e+33,3.45e+33,3.163e+33,2.899e+33,2.658e+33,2.437e+33,2.234e+33,2.048e+33,1.878e+33,1.721e+33,1.578e+33,1.447e+33,1.326e+33,1.216e+33,1.115e+33,1.022e+33,9.37e+32,8.59e+32,7.875e+32,7.22e+32,6.619e+32,6.068e+32,5.563e+32,5.1e+32,4.676e+32,4.287e+32,3.93e+32,3.603e+32,3.303e+32,3.028e+32,2.776e+32,2.545e+32,2.333e+32,2.139e+32,1.961e+32,1.798e+32,1.648e+32,1.511e+32,1.385e+32,1.27e+32,1.164e+32,1.067e+32,9.786e+31,8.971e+31,8.225e+31,7.54e+31,6.913e+31,6.337e+31,5.81e+31,5.326e+31,4.883e+31,4.477e+31,4.104e+31,3.763e+31,3.45e+31,3.162e+31,2.899e+31,2.658e+31,2.437e+31,2.234e+31,2.048e+31,1.878e+31,1.721e+31,1.578e+31,1.447e+31,1.326e+31,1.216e+31,1.115e+31,1.022e+31,9.369e+30,8.59e+30,7.875e+30,7.219e+30,6.619e+30,6.068e+30,5.563e+30,5.1e+30,4.675e+30,4.286e+30,3.93e+30,3.602e+30,3.303e+30,3.028e+30,2.776e+30,2.545e+30,2.333e+30,2.139e+30,1.961e+30,1.798e+30,1.648e+30,1.511e+30,1.385e+30,1.27e+30,1.164e+30,1.067e+30,9.785e+29,8.97e+29,8.224e+29,7.539e+29,6.912e+29,6.337e+29,5.809e+29,5.326e+29,4.882e+29,4.476e+29,4.104e+29,3.762e+29,3.449e+29,3.162e+29,2.899e+29,2.657e+29,2.436e+29,2.234e+29,2.048e+29,1.877e+29,1.721e+29,1.578e+29,1.446e+29,1.326e+29,1.216e+29,1.114e+29,1.022e+29,9.367e+28,8.587e+28,7.873e+28,7.217e+28,6.617e+28,6.066e+28,5.561e+28,5.098e+28,4.674e+28,4.285e+28,3.928e+28,3.601e+28,3.302e+28,3.027e+28,2.775e+28],"gbm_band_ph_per_s":[2.499e+33,2.291e+33,2.1e+33,1.925e+33,1.765e+33,1.618e+33,1.484e+33,1.36e+33,1.247e+33,1.143e+33,1.048e+33,9.608e+32,8.809e+32,8.076e+32,7.404e+32,6.787e+32,6.223e+32,5.705e+32,5.23e+32,4.795e+32,4.396e+32,4.03e+32,3.694e+32,3.387e+32,3.105e+32,2.847e+32,2.61e+32,2.393e+32,2.194e+32,2.011e+32,1.844e+32,1.69e+32,1.55e+32,1.421e+32,1.302e+32,1.194e+32,1.095e+32,1.003e+32,9.2e+31,8.434e+31,7.732e+31,7.089e+31,6.499e+31,5.958e+31,5.462e+31,5.008e+31,4.591e+31,4.209e+31,3.859e+31,3.537e+31,3.243e+31,2.973e+31,2.726e+31,2.499e+31,2.291e+31,2.1e+31,1.925e+31,1.765e+31,1.618e+31,1.484e+31,1.36e+31,1.247e+31,1.143e+31,1.048e+31,9.608e+30,8.809e+30,8.076e+30,7.404e+30,6.787e+30,6.223e+30,5.705e+30,5.23e+30,4.795e+30,4.396e+30,4.03e+30,3.695e+30,3.387e+30,3.105e+30,2.847e+30,2.61e+30,2.393e+30,2.194e+30,2.011e+30,1.844e+30,1.69e+30,1.55e+30,1.421e+30,1.302e+30,1.194e+30,1.095e+30,1.004e+30,9.2e+29,8.434e+29,7.732e+29,7.089e+29,6.499e+29,5.958e+29,5.462e+29,5.008e+29,4.591e+29,4.209e+29,3.859e+29,3.537e+29,3.243e+29,2.973e+29,2.726e+29,2.499e+29,2.291e+29,2.1e+29,1.925e+29,1.765e+29,1.618e+29,1.484e+29,1.36e+29,1.247e+29,1.143e+29,1.048e+29,9.608e+28,8.809e+28,8.076e+28,7.404e+28,6.788e+28,6.223e+28,5.705e+28,5.23e+28,4.795e+28,4.396e+28,4.03e+28,3.695e+28,3.387e+28,3.105e+28,2.847e+28,2.61e+28,2.393e+28,2.194e+28,2.011e+28,1.844e+28,1.69e+28,1.55e+28,1.421e+28,1.302e+28,1.194e+28,1.095e+28,1.004e+28,9.2e+27,8.434e+27,7.732e+27,7.089e+27,6.499e+27,5.958e+27,5.462e+27,5.008e+27,4.591e+27,4.209e+27,3.859e+27,3.538e+27,3.243e+27,2.973e+27,2.726e+27,2.499e+27],